date,time,location,count
2020-01-22,1,Mid West,0
2020-01-22,1,Mountain West,0
2020-01-22,1,North East,0
2020-01-22,1,Other,0
2020-01-22,1,Pacific West,1
2020-01-22,1,South,0
2020-01-22,1,South West,0
2020-01-23,2,Mid West,0
2020-01-23,2,Mountain West,0
2020-01-23,2,North East,0
2020-01-23,2,Other,0
2020-01-23,2,Pacific West,1
2020-01-23,2,South,0
2020-01-23,2,South West,0
2020-01-24,3,Mid West,1
2020-01-24,3,Mountain West,0
2020-01-24,3,North East,0
2020-01-24,3,Other,0
2020-01-24,3,Pacific West,1
2020-01-24,3,South,0
2020-01-24,3,South West,0
2020-01-25,4,Mid West,1
2020-01-25,4,Mountain West,0
2020-01-25,4,North East,0
2020-01-25,4,Other,0
2020-01-25,4,Pacific West,1
2020-01-25,4,South,0
2020-01-25,4,South West,0
2020-01-26,5,Mid West,1
2020-01-26,5,Mountain West,0
2020-01-26,5,North East,0
2020-01-26,5,Other,0
2020-01-26,5,Pacific West,3
2020-01-26,5,South,0
2020-01-26,5,South West,1
2020-01-27,6,Mid West,1
2020-01-27,6,Mountain West,0
2020-01-27,6,North East,0
2020-01-27,6,Other,0
2020-01-27,6,Pacific West,3
2020-01-27,6,South,0
2020-01-27,6,South West,1
2020-01-28,7,Mid West,1
2020-01-28,7,Mountain West,0
2020-01-28,7,North East,0
2020-01-28,7,Other,0
2020-01-28,7,Pacific West,3
2020-01-28,7,South,0
2020-01-28,7,South West,1
2020-01-29,8,Mid West,1
2020-01-29,8,Mountain West,0
2020-01-29,8,North East,1
2020-01-29,8,Other,0
2020-01-29,8,Pacific West,3
2020-01-29,8,South,0
2020-01-29,8,South West,1
2020-01-30,9,Mid West,1
2020-01-30,9,Mountain West,0
2020-01-30,9,North East,1
2020-01-30,9,Other,0
2020-01-30,9,Pacific West,3
2020-01-30,9,South,0
2020-01-30,9,South West,1
2020-01-31,10,Mid West,2
2020-01-31,10,Mountain West,0
2020-01-31,10,North East,1
2020-01-31,10,Other,0
2020-01-31,10,Pacific West,4
2020-01-31,10,South,0
2020-01-31,10,South West,1
2020-02-01,11,Mid West,2
2020-02-01,11,Mountain West,0
2020-02-01,11,North East,1
2020-02-01,11,Other,0
2020-02-01,11,Pacific West,4
2020-02-01,11,South,0
2020-02-01,11,South West,1
2020-02-02,12,Mid West,2
2020-02-02,12,Mountain West,0
2020-02-02,12,North East,1
2020-02-02,12,Other,0
2020-02-02,12,Pacific West,4
2020-02-02,12,South,0
2020-02-02,12,South West,1
2020-02-03,13,Mid West,2
2020-02-03,13,Mountain West,0
2020-02-03,13,North East,1
2020-02-03,13,Other,0
2020-02-03,13,Pacific West,7
2020-02-03,13,South,0
2020-02-03,13,South West,1
2020-02-04,14,Mid West,2
2020-02-04,14,Mountain West,0
2020-02-04,14,North East,1
2020-02-04,14,Other,0
2020-02-04,14,Pacific West,7
2020-02-04,14,South,0
2020-02-04,14,South West,1
2020-02-05,15,Mid West,2
2020-02-05,15,Mountain West,0
2020-02-05,15,North East,1
2020-02-05,15,Other,0
2020-02-05,15,Pacific West,7
2020-02-05,15,South,0
2020-02-05,15,South West,1
2020-02-06,16,Mid West,2
2020-02-06,16,Mountain West,0
2020-02-06,16,North East,2
2020-02-06,16,Other,0
2020-02-06,16,Pacific West,7
2020-02-06,16,South,0
2020-02-06,16,South West,1
2020-02-07,17,Mid West,2
2020-02-07,17,Mountain West,0
2020-02-07,17,North East,2
2020-02-07,17,Other,0
2020-02-07,17,Pacific West,7
2020-02-07,17,South,0
2020-02-07,17,South West,1
2020-02-08,18,Mid West,2
2020-02-08,18,Mountain West,0
2020-02-08,18,North East,2
2020-02-08,18,Other,0
2020-02-08,18,Pacific West,7
2020-02-08,18,South,0
2020-02-08,18,South West,1
2020-02-09,19,Mid West,2
2020-02-09,19,Mountain West,0
2020-02-09,19,North East,2
2020-02-09,19,Other,0
2020-02-09,19,Pacific West,7
2020-02-09,19,South,0
2020-02-09,19,South West,1
2020-02-10,20,Mid West,2
2020-02-10,20,Mountain West,0
2020-02-10,20,North East,2
2020-02-10,20,Other,0
2020-02-10,20,Pacific West,7
2020-02-10,20,South,0
2020-02-10,20,South West,1
2020-02-11,21,Mid West,2
2020-02-11,21,Mountain West,0
2020-02-11,21,North East,2
2020-02-11,21,Other,0
2020-02-11,21,Pacific West,8
2020-02-11,21,South,0
2020-02-11,21,South West,1
2020-02-12,22,Mid West,2
2020-02-12,22,Mountain West,0
2020-02-12,22,North East,2
2020-02-12,22,Other,0
2020-02-12,22,Pacific West,8
2020-02-12,22,South,0
2020-02-12,22,South West,1
2020-02-13,23,Mid West,2
2020-02-13,23,Mountain West,0
2020-02-13,23,North East,2
2020-02-13,23,Other,0
2020-02-13,23,Pacific West,9
2020-02-13,23,South,0
2020-02-13,23,South West,1
2020-02-14,24,Mid West,2
2020-02-14,24,Mountain West,0
2020-02-14,24,North East,2
2020-02-14,24,Other,0
2020-02-14,24,Pacific West,9
2020-02-14,24,South,0
2020-02-14,24,South West,1
2020-02-15,25,Mid West,2
2020-02-15,25,Mountain West,0
2020-02-15,25,North East,2
2020-02-15,25,Other,0
2020-02-15,25,Pacific West,9
2020-02-15,25,South,0
2020-02-15,25,South West,1
2020-02-16,26,Mid West,2
2020-02-16,26,Mountain West,0
2020-02-16,26,North East,2
2020-02-16,26,Other,0
2020-02-16,26,Pacific West,9
2020-02-16,26,South,0
2020-02-16,26,South West,1
2020-02-17,27,Mid West,2
2020-02-17,27,Mountain West,0
2020-02-17,27,North East,2
2020-02-17,27,Other,0
2020-02-17,27,Pacific West,9
2020-02-17,27,South,0
2020-02-17,27,South West,1
2020-02-18,28,Mid West,2
2020-02-18,28,Mountain West,0
2020-02-18,28,North East,2
2020-02-18,28,Other,0
2020-02-18,28,Pacific West,9
2020-02-18,28,South,0
2020-02-18,28,South West,1
2020-02-19,29,Mid West,2
2020-02-19,29,Mountain West,0
2020-02-19,29,North East,2
2020-02-19,29,Other,0
2020-02-19,29,Pacific West,9
2020-02-19,29,South,0
2020-02-19,29,South West,1
2020-02-20,30,Mid West,2
2020-02-20,30,Mountain West,0
2020-02-20,30,North East,2
2020-02-20,30,Other,0
2020-02-20,30,Pacific West,9
2020-02-20,30,South,0
2020-02-20,30,South West,1
2020-02-21,31,Mid West,2
2020-02-21,31,Mountain West,0
2020-02-21,31,North East,2
2020-02-21,31,Other,0
2020-02-21,31,Pacific West,11
2020-02-21,31,South,0
2020-02-21,31,South West,1
2020-02-22,32,Mid West,2
2020-02-22,32,Mountain West,0
2020-02-22,32,North East,2
2020-02-22,32,Other,0
2020-02-22,32,Pacific West,11
2020-02-22,32,South,0
2020-02-22,32,South West,1
2020-02-23,33,Mid West,2
2020-02-23,33,Mountain West,0
2020-02-23,33,North East,2
2020-02-23,33,Other,0
2020-02-23,33,Pacific West,11
2020-02-23,33,South,0
2020-02-23,33,South West,1
2020-02-24,34,Mid West,2
2020-02-24,34,Mountain West,0
2020-02-24,34,North East,2
2020-02-24,34,Other,0
2020-02-24,34,Pacific West,11
2020-02-24,34,South,0
2020-02-24,34,South West,1
2020-02-25,35,Mid West,2
2020-02-25,35,Mountain West,0
2020-02-25,35,North East,2
2020-02-25,35,Other,0
2020-02-25,35,Pacific West,11
2020-02-25,35,South,0
2020-02-25,35,South West,1
2020-02-26,36,Mid West,2
2020-02-26,36,Mountain West,0
2020-02-26,36,North East,2
2020-02-26,36,Other,0
2020-02-26,36,Pacific West,11
2020-02-26,36,South,0
2020-02-26,36,South West,1
2020-02-27,37,Mid West,2
2020-02-27,37,Mountain West,0
2020-02-27,37,North East,2
2020-02-27,37,Other,0
2020-02-27,37,Pacific West,12
2020-02-27,37,South,0
2020-02-27,37,South West,1
2020-02-28,38,Mid West,2
2020-02-28,38,Mountain West,0
2020-02-28,38,North East,2
2020-02-28,38,Other,0
2020-02-28,38,Pacific West,12
2020-02-28,38,South,0
2020-02-28,38,South West,1
2020-02-29,39,Mid West,2
2020-02-29,39,Mountain West,0
2020-02-29,39,North East,2
2020-02-29,39,Other,0
2020-02-29,39,Pacific West,20
2020-02-29,39,South,0
2020-02-29,39,South West,1
2020-03-01,40,Mid West,3
2020-03-01,40,Mountain West,0
2020-03-01,40,North East,4
2020-03-01,40,Other,0
2020-03-01,40,Pacific West,24
2020-03-01,40,South,0
2020-03-01,40,South West,1
2020-03-02,41,Mid West,4
2020-03-02,41,Mountain West,0
2020-03-02,41,North East,6
2020-03-02,41,Other,0
2020-03-02,41,Pacific West,42
2020-03-02,41,South,2
2020-03-02,41,South West,1
2020-03-03,42,Mid West,4
2020-03-03,42,Mountain West,0
2020-03-03,42,North East,9
2020-03-03,42,Other,0
2020-03-03,42,Pacific West,55
2020-03-03,42,South,5
2020-03-03,42,South West,1
2020-03-04,43,Mid West,4
2020-03-04,43,Mountain West,0
2020-03-04,43,North East,20
2020-03-04,43,Other,0
2020-03-04,43,Pacific West,77
2020-03-04,43,South,5
2020-03-04,43,South West,1
2020-03-05,44,Mid West,5
2020-03-05,44,Mountain West,3
2020-03-05,44,North East,41
2020-03-05,44,Other,0
2020-03-05,44,Pacific West,124
2020-03-05,44,South,7
2020-03-05,44,South West,4
2020-03-06,45,Mid West,8
2020-03-06,45,Mountain West,10
2020-03-06,45,North East,63
2020-03-06,45,Other,0
2020-03-06,45,Pacific West,140
2020-03-06,45,South,10
2020-03-06,45,South West,6
2020-03-07,46,Mid West,9
2020-03-07,46,Mountain West,11
2020-03-07,46,North East,162
2020-03-07,46,Other,0
2020-03-07,46,Pacific West,190
2020-03-07,46,South,19
2020-03-07,46,South West,12
2020-03-08,47,Mid West,13
2020-03-08,47,Mountain West,13
2020-03-08,47,North East,220
2020-03-08,47,Other,0
2020-03-08,47,Pacific West,232
2020-03-08,47,South,26
2020-03-08,47,South West,15
2020-03-09,48,Mid West,20
2020-03-09,48,Mountain West,17
2020-03-09,48,North East,259
2020-03-09,48,Other,0
2020-03-09,48,Pacific West,238
2020-03-09,48,South,43
2020-03-09,48,South West,17
2020-03-10,49,Mid West,39
2020-03-10,49,Mountain West,23
2020-03-10,49,North East,306
2020-03-10,49,Other,0
2020-03-10,49,Pacific West,328
2020-03-10,49,South,64
2020-03-10,49,South West,22
2020-03-11,50,Mid West,79
2020-03-11,50,Mountain West,44
2020-03-11,50,North East,411
2020-03-11,50,Other,0
2020-03-11,50,Pacific West,481
2020-03-11,50,South,102
2020-03-11,50,South West,33
2020-03-12,51,Mid West,107
2020-03-12,51,Mountain West,63
2020-03-12,51,North East,538
2020-03-12,51,Other,0
2020-03-12,51,Pacific West,689
2020-03-12,51,South,152
2020-03-12,51,South West,41
2020-03-13,52,Mid West,178
2020-03-13,52,Mountain West,108
2020-03-13,52,North East,747
2020-03-13,52,Other,0
2020-03-13,52,Pacific West,882
2020-03-13,52,South,244
2020-03-13,52,South West,63
2020-03-14,53,Mid West,246
2020-03-14,53,Mountain West,142
2020-03-14,53,North East,1059
2020-03-14,53,Other,0
2020-03-14,53,Pacific West,1055
2020-03-14,53,South,399
2020-03-14,53,South West,85
2020-03-15,54,Mid West,267
2020-03-15,54,Mountain West,186
2020-03-15,54,North East,1203
2020-03-15,54,Other,0
2020-03-15,54,Pacific West,1019
2020-03-15,54,South,466
2020-03-15,54,South West,89
2020-03-16,55,Mid West,406
2020-03-16,55,Mountain West,246
2020-03-16,55,North East,1886
2020-03-16,55,Other,51
2020-03-16,55,Pacific West,1384
2020-03-16,55,South,589
2020-03-16,55,South West,124
2020-03-17,56,Mid West,572
2020-03-17,56,Mountain West,304
2020-03-17,56,North East,2760
2020-03-17,56,Other,100
2020-03-17,56,Pacific West,1735
2020-03-17,56,South,900
2020-03-17,56,South West,154
2020-03-18,57,Mid West,868
2020-03-18,57,Mountain West,353
2020-03-18,57,North East,4396
2020-03-18,57,Other,111
2020-03-18,57,Pacific West,1952
2020-03-18,57,South,1248
2020-03-18,57,South West,252
2020-03-19,58,Mid West,1346
2020-03-19,58,Mountain West,487
2020-03-19,58,North East,6921
2020-03-19,58,Other,129
2020-03-19,58,Pacific West,2508
2020-03-19,58,South,1896
2020-03-19,58,South West,386
2020-03-20,59,Mid West,1896
2020-03-20,59,Mountain West,697
2020-03-20,59,North East,11119
2020-03-20,59,Other,174
2020-03-20,59,Pacific West,2932
2020-03-20,59,South,2682
2020-03-20,59,South West,539
2020-03-21,60,Mid West,2464
2020-03-21,60,Mountain West,846
2020-03-21,60,North East,14820
2020-03-21,60,Other,212
2020-03-21,60,Pacific West,3394
2020-03-21,60,South,3566
2020-03-21,60,South West,741
2020-03-22,61,Mid West,3665
2020-03-22,61,Mountain West,1049
2020-03-22,61,North East,20830
2020-03-22,61,Other,237
2020-03-22,61,Pacific West,3888
2020-03-22,61,South,4334
2020-03-22,61,South West,852
2020-03-23,62,Mid West,4634
2020-03-23,62,Mountain West,1353
2020-03-23,62,North East,28488
2020-03-23,62,Other,264
2020-03-23,62,Pacific West,4620
2020-03-23,62,South,5645
2020-03-23,62,South West,1082
2020-03-24,63,Mid West,5803
2020-03-24,63,Mountain West,1649
2020-03-24,63,North East,35429
2020-03-24,63,Other,306
2020-03-24,63,Pacific West,5213
2020-03-24,63,South,6904
2020-03-24,63,South West,1394
2020-03-25,64,Mid West,7240
2020-03-25,64,Mountain West,1950
2020-03-25,64,North East,42795
2020-03-25,64,Other,369
2020-03-25,64,Pacific West,6007
2020-03-25,64,South,8650
2020-03-25,64,South West,1762
2020-03-26,65,Mid West,9254
2020-03-26,65,Mountain West,2535
2020-03-26,65,North East,53709
2020-03-26,65,Other,434
2020-03-26,65,Pacific West,7592
2020-03-26,65,South,10905
2020-03-26,65,South West,2184
2020-03-27,66,Mid West,11703
2020-03-27,66,Mountain West,3130
2020-03-27,66,North East,65055
2020-03-27,66,Other,497
2020-03-27,66,Pacific West,8753
2020-03-27,66,South,13417
2020-03-27,66,South West,2738
2020-03-28,67,Mid West,14202
2020-03-28,67,Mountain West,3734
2020-03-28,67,North East,76849
2020-03-28,67,Other,633
2020-03-28,67,Pacific West,9860
2020-03-28,67,South,16186
2020-03-28,67,South West,3436
2020-03-29,68,Mid West,17078
2020-03-29,68,Mountain West,4469
2020-03-29,68,North East,88348
2020-03-29,68,Other,700
2020-03-29,68,Pacific West,11136
2020-03-29,68,South,18100
2020-03-29,68,South West,3948
2020-03-30,69,Mid West,19824
2020-03-30,69,Mountain West,5042
2020-03-30,69,North East,101615
2020-03-30,69,Other,815
2020-03-30,69,Pacific West,12978
2020-03-30,69,South,21020
2020-03-30,69,South West,4567
2020-03-31,70,Mid West,23226
2020-03-31,70,Mountain West,5790
2020-03-31,70,North East,115984
2020-03-31,70,Other,987
2020-03-31,70,Pacific West,14688
2020-03-31,70,South,26089
2020-03-31,70,South West,5413
2020-04-01,71,Mid West,27369
2020-04-01,71,Mountain West,6413
2020-04-01,71,North East,130943
2020-04-01,71,Other,1137
2020-04-01,71,Pacific West,16120
2020-04-01,71,South,29958
2020-04-01,71,South West,6120
2020-04-02,72,Mid West,31094
2020-04-02,72,Mountain West,7444
2020-04-02,72,North East,146292
2020-04-02,72,Other,1239
2020-04-02,72,Pacific West,18411
2020-04-02,72,South,36929
2020-04-02,72,South West,7038
2020-04-03,73,Mid West,35765
2020-04-03,73,Mountain West,8231
2020-04-03,73,North East,165613
2020-04-03,73,Other,1354
2020-04-03,73,Pacific West,20241
2020-04-03,73,South,41220
2020-04-03,73,South West,7993
2020-04-04,74,Mid West,40355
2020-04-04,74,Mountain West,9209
2020-04-04,74,North East,184849
2020-04-04,74,Other,1647
2020-04-04,74,Pacific West,21506
2020-04-04,74,South,46759
2020-04-04,74,South West,9107
2020-04-05,75,Mid West,44235
2020-04-05,75,Mountain West,9967
2020-04-05,75,North East,200916
2020-04-05,75,Other,1791
2020-04-05,75,Pacific West,24485
2020-04-05,75,South,50133
2020-04-05,75,South West,10102
2020-04-06,76,Mid West,48681
2020-04-06,76,Mountain West,10424
2020-04-06,76,North East,218708
2020-04-06,76,Other,1926
2020-04-06,76,Pacific West,25983
2020-04-06,76,South,54891
2020-04-06,76,South West,11189
2020-04-07,77,Mid West,53425
2020-04-07,77,Mountain West,10997
2020-04-07,77,North East,235389
2020-04-07,77,Other,2108
2020-04-07,77,Pacific West,27800
2020-04-07,77,South,61199
2020-04-07,77,South West,12294
2020-04-08,78,Mid West,57974
2020-04-08,78,Mountain West,11525
2020-04-08,78,North East,254884
2020-04-08,78,Other,2389
2020-04-08,78,Pacific West,29992
2020-04-08,78,South,65287
2020-04-08,78,South West,13356
2020-04-09,79,Mid West,62132
2020-04-09,79,Mountain West,12330
2020-04-09,79,North East,275995
2020-04-09,79,Other,2542
2020-04-09,79,Pacific West,31350
2020-04-09,79,South,70549
2020-04-09,79,South West,15091
2020-04-10,80,Mid West,66458
2020-04-10,80,Mountain West,13296
2020-04-10,80,North East,295667
2020-04-10,80,Other,2728
2020-04-10,80,Pacific West,33213
2020-04-10,80,South,75779
2020-04-10,80,South West,16333
2020-04-11,81,Mid West,70803
2020-04-11,81,Mountain West,13836
2020-04-11,81,North East,313478
2020-04-11,81,Other,2913
2020-04-11,81,Pacific West,34248
2020-04-11,81,South,79976
2020-04-11,81,South West,17528
2020-04-12,82,Mid West,74823
2020-04-12,82,Mountain West,14510
2020-04-12,82,North East,328931
2020-04-12,82,Other,3119
2020-04-12,82,Pacific West,35711
2020-04-12,82,South,84137
2020-04-12,82,South West,18478
2020-04-13,83,Mid West,78857
2020-04-13,83,Mountain West,15144
2020-04-13,83,North East,344090
2020-04-13,83,Other,3205
2020-04-13,83,Pacific West,36938
2020-04-13,83,South,88042
2020-04-13,83,South West,19242
2020-04-14,84,Mid West,82798
2020-04-14,84,Mountain West,15646
2020-04-14,84,North East,361529
2020-04-14,84,Other,3328
2020-04-14,84,Pacific West,38621
2020-04-14,84,South,91979
2020-04-14,84,South West,20181
2020-04-15,85,Mid West,86959
2020-04-15,85,Mountain West,16203
2020-04-15,85,North East,380735
2020-04-15,85,Other,3522
2020-04-15,85,Pacific West,40112
2020-04-15,85,South,95327
2020-04-15,85,South West,21389
2020-04-16,86,Mid West,91060
2020-04-16,86,Mountain West,16870
2020-04-16,86,North East,400412
2020-04-16,86,Other,3744
2020-04-16,86,Pacific West,41305
2020-04-16,86,South,99636
2020-04-16,86,South West,22621
2020-04-17,87,Mid West,96639
2020-04-17,87,Mountain West,17700
2020-04-17,87,North East,417888
2020-04-17,87,Other,3896
2020-04-17,87,Pacific West,43314
2020-04-17,87,South,104902
2020-04-17,87,South West,23978
2020-04-18,88,Mid West,101828
2020-04-18,88,Mountain West,18373
2020-04-18,88,North East,433029
2020-04-18,88,Other,4139
2020-04-18,88,Pacific West,45024
2020-04-18,88,South,108618
2020-04-18,88,South West,25233
2020-04-19,89,Mid West,106942
2020-04-19,89,Mountain West,18941
2020-04-19,89,North East,446627
2020-04-19,89,Other,4361
2020-04-19,89,Pacific West,46223
2020-04-19,89,South,112800
2020-04-19,89,South West,26039
2020-04-20,90,Mid West,111623
2020-04-20,90,Mountain West,19577
2020-04-20,90,North East,462181
2020-04-20,90,Other,4534
2020-04-20,90,Pacific West,48667
2020-04-20,90,South,116976
2020-04-20,90,South West,26795
2020-04-21,91,Mid West,116252
2020-04-21,91,Mountain West,20323
2020-04-21,91,North East,475949
2020-04-21,91,Other,4751
2020-04-21,91,Pacific West,50796
2020-04-21,91,South,120427
2020-04-21,91,South West,27915
2020-04-22,92,Mid West,121495
2020-04-22,92,Mountain West,21069
2020-04-22,92,North East,491374
2020-04-22,92,Other,4814
2020-04-22,92,Pacific West,52939
2020-04-22,92,South,125003
2020-04-22,92,South West,29033
2020-04-23,93,Mid West,127721
2020-04-23,93,Mountain West,21829
2020-04-23,93,North East,507452
2020-04-23,93,Other,4950
2020-04-23,93,Pacific West,55379
2020-04-23,93,South,130779
2020-04-23,93,South West,30801
2020-04-24,94,Mid West,134938
2020-04-24,94,Mountain West,23223
2020-04-24,94,North East,524238
2020-04-24,94,Other,5165
2020-04-24,94,Pacific West,57454
2020-04-24,94,South,135436
2020-04-24,94,South West,32208
2020-04-25,95,Mid West,140689
2020-04-25,95,Mountain West,24278
2020-04-25,95,North East,542990
2020-04-25,95,Other,4934
2020-04-25,95,Pacific West,58889
2020-04-25,95,South,139332
2020-04-25,95,South West,33122
2020-04-26,96,Mid West,146078
2020-04-26,96,Mountain West,25145
2020-04-26,96,North East,557136
2020-04-26,96,Other,5091
2020-04-26,96,Pacific West,60343
2020-04-26,96,South,143046
2020-04-26,96,South West,34239
2020-04-27,97,Mid West,151424
2020-04-27,97,Mountain West,25681
2020-04-27,97,North East,568428
2020-04-27,97,Other,5146
2020-04-27,97,Pacific West,61969
2020-04-27,97,South,146643
2020-04-27,97,South West,34974
2020-04-28,98,Mid West,157535
2020-04-28,98,Mountain West,26421
2020-04-28,98,North East,579563
2020-04-28,98,Other,5251
2020-04-28,98,Pacific West,63356
2020-04-28,98,South,150495
2020-04-28,98,South West,36305
2020-04-29,99,Mid West,164086
2020-04-29,99,Mountain West,27137
2020-04-29,99,North East,591693
2020-04-29,99,Other,5369
2020-04-29,99,Pacific West,66236
2020-04-29,99,South,154410
2020-04-29,99,South West,37806
2020-04-30,100,Mid West,171559
2020-04-30,100,Mountain West,28005
2020-04-30,100,North East,604766
2020-04-30,100,Other,5649
2020-04-30,100,Pacific West,67945
2020-04-30,100,South,158486
2020-04-30,100,South West,39814
2020-05-01,101,Mid West,180344
2020-05-01,101,Mountain West,28903
2020-05-01,101,North East,618464
2020-05-01,101,Other,5993
2020-05-01,101,Pacific West,70230
2020-05-01,101,South,165335
2020-05-01,101,South West,41195
2020-05-02,102,Mid West,187486
2020-05-02,102,Mountain West,29694
2020-05-02,102,North East,629727
2020-05-02,102,Other,6141
2020-05-02,102,Pacific West,71975
2020-05-02,102,South,170179
2020-05-02,102,South West,43026
2020-05-03,103,Mid West,194546
2020-05-03,103,Mountain West,30384
2020-05-03,103,North East,639141
2020-05-03,103,Other,6375
2020-05-03,103,Pacific West,73761
2020-05-03,103,South,173986
2020-05-03,103,South West,44492
2020-05-04,104,Mid West,200590
2020-05-04,104,Mountain West,31024
2020-05-04,104,North East,648659
2020-05-04,104,Other,6542
2020-05-04,104,Pacific West,75101
2020-05-04,104,South,178409
2020-05-04,104,South West,45742
2020-05-05,105,Mid West,206536
2020-05-05,105,Mountain West,31663
2020-05-05,105,North East,657803
2020-05-05,105,Other,6698
2020-05-05,105,Pacific West,77890
2020-05-05,105,South,182596
2020-05-05,105,South West,47391
2020-05-06,106,Mid West,213532
2020-05-06,106,Mountain West,32413
2020-05-06,106,North East,666760
2020-05-06,106,Other,6842
2020-05-06,106,Pacific West,80440
2020-05-06,106,South,186726
2020-05-06,106,South West,48953
2020-05-07,107,Mid West,221182
2020-05-07,107,Mountain West,33218
2020-05-07,107,North East,677865
2020-05-07,107,Other,7042
2020-05-07,107,Pacific West,82377
2020-05-07,107,South,191207
2020-05-07,107,South West,50511
2020-05-08,108,Mid West,229111
2020-05-08,108,Mountain West,33946
2020-05-08,108,North East,687834
2020-05-08,108,Other,7307
2020-05-08,108,Pacific West,84268
2020-05-08,108,South,195210
2020-05-08,108,South West,52475
2020-05-09,109,Mid West,235357
2020-05-09,109,Mountain West,34965
2020-05-09,109,North East,696085
2020-05-09,109,Other,7516
2020-05-09,109,Pacific West,87422
2020-05-09,109,South,199601
2020-05-09,109,South West,54153
2020-05-10,110,Mid West,239718
2020-05-10,110,Mountain West,35424
2020-05-10,110,North East,703491
2020-05-10,110,Other,7693
2020-05-10,110,Pacific West,88737
2020-05-10,110,South,203653
2020-05-10,110,South West,55254
2020-05-11,111,Mid West,244542
2020-05-11,111,Mountain West,35781
2020-05-11,111,North East,710009
2020-05-11,111,Other,7827
2020-05-11,111,Pacific West,90759
2020-05-11,111,South,207441
2020-05-11,111,South West,57038
2020-05-12,112,Mid West,252013
2020-05-12,112,Mountain West,36331
2020-05-12,112,North East,716145
2020-05-12,112,Other,7932
2020-05-12,112,Pacific West,92693
2020-05-12,112,South,212361
2020-05-12,112,South West,58647
2020-05-13,113,Mid West,257144
2020-05-13,113,Mountain West,37014
2020-05-13,113,North East,722877
2020-05-13,113,Other,8033
2020-05-13,113,Pacific West,94755
2020-05-13,113,South,216627
2020-05-13,113,South West,60635
2020-05-14,114,Mid West,265052
2020-05-14,114,Mountain West,37605
2020-05-14,114,North East,731019
2020-05-14,114,Other,8194
2020-05-14,114,Pacific West,97156
2020-05-14,114,South,222529
2020-05-14,114,South West,62688
2020-05-15,115,Mid West,271780
2020-05-15,115,Mountain West,38411
2020-05-15,115,North East,739367
2020-05-15,115,Other,8345
2020-05-15,115,Pacific West,99221
2020-05-15,115,South,227791
2020-05-15,115,South West,64583
2020-05-16,116,Mid West,278025
2020-05-16,116,Mountain West,39142
2020-05-16,116,North East,746729
2020-05-16,116,Other,8544
2020-05-16,116,Pacific West,101667
2020-05-16,116,South,232425
2020-05-16,116,South West,66982
2020-05-17,117,Mid West,282906
2020-05-17,117,Mountain West,39766
2020-05-17,117,North East,752920
2020-05-17,117,Other,8658
2020-05-17,117,Pacific West,103270
2020-05-17,117,South,236005
2020-05-17,117,South West,68304
2020-05-18,118,Mid West,289269
2020-05-18,118,Mountain West,40338
2020-05-18,118,North East,760252
2020-05-18,118,Other,8853
2020-05-18,118,Pacific West,104867
2020-05-18,118,South,240729
2020-05-18,118,South West,69508
2020-05-19,119,Mid West,294100
2020-05-19,119,Mountain West,40798
2020-05-19,119,North East,767084
2020-05-19,119,Other,9029
2020-05-19,119,Pacific West,107353
2020-05-19,119,South,245151
2020-05-19,119,South West,71356
2020-05-20,120,Mid West,300682
2020-05-20,120,Mountain West,41666
2020-05-20,120,North East,774024
2020-05-20,120,Other,9145
2020-05-20,120,Pacific West,109849
2020-05-20,120,South,249519
2020-05-20,120,South West,73048
2020-05-21,121,Mid West,307267
2020-05-21,121,Mountain West,42251
2020-05-21,121,North East,780963
2020-05-21,121,Other,9401
2020-05-21,121,Pacific West,112053
2020-05-21,121,South,256952
2020-05-21,121,South West,74911
2020-05-22,122,Mid West,314313
2020-05-22,122,Mountain West,42946
2020-05-22,122,North East,787279
2020-05-22,122,Other,9514
2020-05-22,122,Pacific West,114470
2020-05-22,122,South,262761
2020-05-22,122,South West,75826
2020-05-23,123,Mid West,320654
2020-05-23,123,Mountain West,43637
2020-05-23,123,North East,792621
2020-05-23,123,Other,9595
2020-05-23,123,Pacific West,116783
2020-05-23,123,South,267390
2020-05-23,123,South West,77532
2020-05-24,124,Mid West,326600
2020-05-24,124,Mountain West,44390
2020-05-24,124,North East,797855
2020-05-24,124,Other,9740
2020-05-24,124,Pacific West,118890
2020-05-24,124,South,271490
2020-05-24,124,South West,79193
2020-05-25,125,Mid West,331365
2020-05-25,125,Mountain West,44694
2020-05-25,125,North East,802092
2020-05-25,125,Other,9865
2020-05-25,125,Pacific West,121553
2020-05-25,125,South,276963
2020-05-25,125,South West,79973
2020-05-26,126,Mid West,335393
2020-05-26,126,Mountain West,45197
2020-05-26,126,North East,806858
2020-05-26,126,Other,9976
2020-05-26,126,Pacific West,124713
2020-05-26,126,South,282570
2020-05-26,126,South West,81249
2020-05-27,127,Mid West,340365
2020-05-27,127,Mountain West,45663
2020-05-27,127,North East,811321
2020-05-27,127,Other,10069
2020-05-27,127,Pacific West,126590
2020-05-27,127,South,287328
2020-05-27,127,South West,83153
2020-05-28,128,Mid West,345416
2020-05-28,128,Mountain West,46421
2020-05-28,128,North East,816891
2020-05-28,128,Other,10176
2020-05-28,128,Pacific West,129754
2020-05-28,128,South,293022
2020-05-28,128,South West,85677
2020-05-29,129,Mid West,351536
2020-05-29,129,Mountain West,47406
2020-05-29,129,North East,823231
2020-05-29,129,Other,10236
2020-05-29,129,Pacific West,132939
2020-05-29,129,South,299318
2020-05-29,129,South West,86946
2020-05-30,130,Mid West,356559
2020-05-30,130,Mountain West,48354
2020-05-30,130,North East,828084
2020-05-30,130,Other,10422
2020-05-30,130,Pacific West,136535
2020-05-30,130,South,305681
2020-05-30,130,South West,89793
2020-05-31,131,Mid West,360807
2020-05-31,131,Mountain West,49060
2020-05-31,131,North East,831966
2020-05-31,131,Other,10504
2020-05-31,131,Pacific West,139032
2020-05-31,131,South,310798
2020-05-31,131,South West,92298
2020-06-01,132,Mid West,364137
2020-06-01,132,Mountain West,49546
2020-06-01,132,North East,835729
2020-06-01,132,Other,10570
2020-06-01,132,Pacific West,142155
2020-06-01,132,South,315705
2020-06-01,132,South West,93551
2020-06-02,133,Mid West,368468
2020-06-02,133,Mountain West,50216
2020-06-02,133,North East,840103
2020-06-02,133,Other,10601
2020-06-02,133,Pacific West,144872
2020-06-02,133,South,321892
2020-06-02,133,South West,96630
2020-06-03,134,Mid West,372677
2020-06-03,134,Mountain West,50881
2020-06-03,134,North East,843837
2020-06-03,134,Other,10742
2020-06-03,134,Pacific West,147441
2020-06-03,134,South,327832
2020-06-03,134,South West,99378
2020-06-04,135,Mid West,376932
2020-06-04,135,Mountain West,51752
2020-06-04,135,North East,847593
2020-06-04,135,Other,10860
2020-06-04,135,Pacific West,150611
2020-06-04,135,South,334591
2020-06-04,135,South West,101817
2020-06-05,136,Mid West,381942
2020-06-05,136,Mountain West,52761
2020-06-05,136,North East,851684
2020-06-05,136,Other,10947
2020-06-05,136,Pacific West,154582
2020-06-05,136,South,341956
2020-06-05,136,South West,105633
2020-06-06,137,Mid West,385620
2020-06-06,137,Mountain West,53755
2020-06-06,137,North East,855460
2020-06-06,137,Other,11047
2020-06-06,137,Pacific West,157877
2020-06-06,137,South,348413
2020-06-06,137,South West,108738
2020-06-07,138,Mid West,388533
2020-06-07,138,Mountain West,54367
2020-06-07,138,North East,857894
2020-06-07,138,Other,11114
2020-06-07,138,Pacific West,160318
2020-06-07,138,South,355016
2020-06-07,138,South West,111330
2020-06-08,139,Mid West,391284
2020-06-08,139,Mountain West,55018
2020-06-08,139,North East,860577
2020-06-08,139,Other,11181
2020-06-08,139,Pacific West,164069
2020-06-08,139,South,360789
2020-06-08,139,South West,113146
2020-06-09,140,Mid West,394159
2020-06-09,140,Mountain West,55696
2020-06-09,140,North East,863152
2020-06-09,140,Other,11282
2020-06-09,140,Pacific West,167332
2020-06-09,140,South,367206
2020-06-09,140,South West,115598
2020-06-10,141,Mid West,397126
2020-06-10,141,Mountain West,56382
2020-06-10,141,North East,866059
2020-06-10,141,Other,11361
2020-06-10,141,Pacific West,170463
2020-06-10,141,South,374122
2020-06-10,141,South West,119863
2020-06-11,142,Mid West,400748
2020-06-11,142,Mountain West,57204
2020-06-11,142,North East,869114
2020-06-11,142,Other,11417
2020-06-11,142,Pacific West,174823
2020-06-11,142,South,381834
2020-06-11,142,South West,123278
2020-06-12,143,Mid West,404081
2020-06-12,143,Mountain West,58056
2020-06-12,143,North East,872081
2020-06-12,143,Other,11534
2020-06-12,143,Pacific West,178610
2020-06-12,143,South,391487
2020-06-12,143,South West,127483
2020-06-13,144,Mid West,407291
2020-06-13,144,Mountain West,58986
2020-06-13,144,North East,875149
2020-06-13,144,Other,11606
2020-06-13,144,Pacific West,182403
2020-06-13,144,South,401906
2020-06-13,144,South West,131259
2020-06-14,145,Mid West,409880
2020-06-14,145,Mountain West,59704
2020-06-14,145,North East,877044
2020-06-14,145,Other,11675
2020-06-14,145,Pacific West,185290
2020-06-14,145,South,410063
2020-06-14,145,South West,133963
2020-06-15,146,Mid West,412624
2020-06-15,146,Mountain West,60309
2020-06-15,146,North East,879256
2020-06-15,146,Other,11715
2020-06-15,146,Pacific West,189187
2020-06-15,146,South,417115
2020-06-15,146,South West,136869
2020-06-16,147,Mid West,415359
2020-06-16,147,Mountain West,61227
2020-06-16,147,North East,881465
2020-06-16,147,Other,11737
2020-06-16,147,Pacific West,193087
2020-06-16,147,South,425191
2020-06-16,147,South West,142702
2020-06-17,148,Mid West,418489
2020-06-17,148,Mountain West,62245
2020-06-17,148,North East,883697
2020-06-17,148,Other,11776
2020-06-17,148,Pacific West,197330
2020-06-17,148,South,434886
2020-06-17,148,South West,148844
2020-06-18,149,Mid West,422388
2020-06-18,149,Mountain West,63451
2020-06-18,149,North East,885817
2020-06-18,149,Other,11846
2020-06-18,149,Pacific West,202258
2020-06-18,149,South,444442
2020-06-18,149,South West,154932
2020-06-19,150,Mid West,426163
2020-06-19,150,Mountain West,64846
2020-06-19,150,North East,888394
2020-06-19,150,Other,11906
2020-06-19,150,Pacific West,206657
2020-06-19,150,South,455526
2020-06-19,150,South West,162623
2020-06-20,151,Mid West,429810
2020-06-20,151,Mountain West,66273
2020-06-20,151,North East,890632
2020-06-20,151,Other,11992
2020-06-20,151,Pacific West,211863
2020-06-20,151,South,467279
2020-06-20,151,South West,170183
2020-06-21,152,Mid West,433399
2020-06-21,152,Mountain West,67161
2020-06-21,152,North East,892573
2020-06-21,152,Other,12033
2020-06-21,152,Pacific West,215958
2020-06-21,152,South,476779
2020-06-21,152,South West,176097
2020-06-22,153,Mid West,436415
2020-06-22,153,Mountain West,68359
2020-06-22,153,North East,894792
2020-06-22,153,Other,12078
2020-06-22,153,Pacific West,222415
2020-06-22,153,South,487533
2020-06-22,153,South West,183084
2020-06-23,154,Mid West,439603
2020-06-23,154,Mountain West,69441
2020-06-23,154,North East,897197
2020-06-23,154,Other,12127
2020-06-23,154,Pacific West,229871
2020-06-23,154,South,500449
2020-06-23,154,South West,192196
2020-06-24,155,Mid West,443176
2020-06-24,155,Mountain West,70751
2020-06-24,155,North East,899155
2020-06-24,155,Other,12189
2020-06-24,155,Pacific West,235110
2020-06-24,155,South,515516
2020-06-24,155,South West,199413
2020-06-25,156,Mid West,448414
2020-06-25,156,Mountain West,72706
2020-06-25,156,North East,901624
2020-06-25,156,Other,12231
2020-06-25,156,Pacific West,240880
2020-06-25,156,South,530684
2020-06-25,156,South West,209127
2020-06-26,157,Mid West,453636
2020-06-26,157,Mountain West,74148
2020-06-26,157,North East,904277
2020-06-26,157,Other,12278
2020-06-26,157,Pacific West,247394
2020-06-26,157,South,550925
2020-06-26,157,South West,218361
2020-06-27,158,Mid West,458226
2020-06-27,158,Mountain West,76555
2020-06-27,158,North East,906653
2020-06-27,158,Other,12328
2020-06-27,158,Pacific West,252100
2020-06-27,158,South,568912
2020-06-27,158,South West,227604
2020-06-28,159,Mid West,462438
2020-06-28,159,Mountain West,78169
2020-06-28,159,North East,908696
2020-06-28,159,Other,12382
2020-06-28,159,Pacific West,257549
2020-06-28,159,South,587042
2020-06-28,159,South West,236511
2020-06-29,160,Mid West,466543
2020-06-29,160,Mountain West,80190
2020-06-29,160,North East,910825
2020-06-29,160,Other,12446
2020-06-29,160,Pacific West,266379
2020-06-29,160,South,603105
2020-06-29,160,South West,243356
2020-06-30,161,Mid West,471031
2020-06-30,161,Mountain West,81959
2020-06-30,161,North East,913303
2020-06-30,161,Other,12540
2020-06-30,161,Pacific West,274957
2020-06-30,161,South,620528
2020-06-30,161,South West,254506
2020-07-01,162,Mid West,476033
2020-07-01,162,Mountain West,83746
2020-07-01,162,North East,915608
2020-07-01,162,Other,12633
2020-07-01,162,Pacific West,283157
2020-07-01,162,South,640368
2020-07-01,162,South West,268767
2020-07-02,163,Mid West,481960
2020-07-02,163,Mountain West,85581
2020-07-02,163,North East,918941
2020-07-02,163,Other,12712
2020-07-02,163,Pacific West,292175
2020-07-02,163,South,665455
2020-07-02,163,South West,279076
2020-07-03,164,Mid West,487680
2020-07-03,164,Mountain West,87900
2020-07-03,164,North East,922074
2020-07-03,164,Other,12787
2020-07-03,164,Pacific West,297197
2020-07-03,164,South,688513
2020-07-03,164,South West,291590
2020-07-04,165,Mid West,492676
2020-07-04,165,Mountain West,90126
2020-07-04,165,North East,924182
2020-07-04,165,Other,12838
2020-07-04,165,Pacific West,300420
2020-07-04,165,South,711402
2020-07-04,165,South West,301646
2020-07-05,166,Mid West,497478
2020-07-05,166,Mountain West,92014
2020-07-05,166,North East,926157
2020-07-05,166,Other,12902
2020-07-05,166,Pacific West,313214
2020-07-05,166,South,732285
2020-07-05,166,South West,308820
2020-07-06,167,Mid West,501849
2020-07-06,167,Mountain West,93611
2020-07-06,167,North East,928554
2020-07-06,167,Other,13182
2020-07-06,167,Pacific West,320855
2020-07-06,167,South,748366
2020-07-06,167,South West,320615
2020-07-07,168,Mid West,507886
2020-07-07,168,Mountain West,96057
2020-07-07,168,North East,931331
2020-07-07,168,Other,13318
2020-07-07,168,Pacific West,334542
2020-07-07,168,South,769658
2020-07-07,168,South West,334995
2020-07-08,169,Mid West,514276
2020-07-08,169,Mountain West,98252
2020-07-08,169,North East,933922
2020-07-08,169,Other,13425
2020-07-08,169,Pacific West,343897
2020-07-08,169,South,796106
2020-07-08,169,South West,347649
2020-07-09,170,Mid West,521091
2020-07-09,170,Mountain West,100449
2020-07-09,170,North East,936687
2020-07-09,170,Other,13550
2020-07-09,170,Pacific West,354920
2020-07-09,170,South,819837
2020-07-09,170,South West,363560
2020-07-10,171,Mid West,529137
2020-07-10,171,Mountain West,103634
2020-07-10,171,North East,939784
2020-07-10,171,Other,13740
2020-07-10,171,Pacific West,364306
2020-07-10,171,South,849894
2020-07-10,171,South West,377458
2020-07-11,172,Mid West,536653
2020-07-11,172,Mountain West,106306
2020-07-11,172,North East,942413
2020-07-11,172,Other,13900
2020-07-11,172,Pacific West,372698
2020-07-11,172,South,876825
2020-07-11,172,South West,389196
2020-07-12,173,Mid West,543033
2020-07-12,173,Mountain West,108603
2020-07-12,173,North East,944874
2020-07-12,173,Other,14108
2020-07-12,173,Pacific West,380373
2020-07-12,173,South,905765
2020-07-12,173,South West,400320
2020-07-13,174,Mid West,548663
2020-07-13,174,Mountain West,110931
2020-07-13,174,North East,947422
2020-07-13,174,Other,14420
2020-07-13,174,Pacific West,390650
2020-07-13,174,South,934814
2020-07-13,174,South West,408969
2020-07-14,175,Mid West,555033
2020-07-14,175,Mountain West,113405
2020-07-14,175,North East,950879
2020-07-14,175,Other,14556
2020-07-14,175,Pacific West,404499
2020-07-14,175,South,961596
2020-07-14,175,South West,423328
2020-07-15,176,Mid West,563026
2020-07-15,176,Mountain West,116044
2020-07-15,176,North East,954436
2020-07-15,176,Other,14813
2020-07-15,176,Pacific West,414276
2020-07-15,176,South,990083
2020-07-15,176,South West,438253
2020-07-16,177,Mid West,571112
2020-07-16,177,Mountain West,119877
2020-07-16,177,North East,957430
2020-07-16,177,Other,14947
2020-07-16,177,Pacific West,425889
2020-07-16,177,South,1022077
2020-07-16,177,South West,456701
2020-07-17,178,Mid West,579686
2020-07-17,178,Mountain West,123399
2020-07-17,178,North East,960733
2020-07-17,178,Other,15153
2020-07-17,178,Pacific West,435564
2020-07-17,178,South,1052304
2020-07-17,178,South West,472866
2020-07-18,179,Mid West,587513
2020-07-18,179,Mountain West,126479
2020-07-18,179,North East,963549
2020-07-18,179,Other,15442
2020-07-18,179,Pacific West,444453
2020-07-18,179,South,1079549
2020-07-18,179,South West,485190
2020-07-19,180,Mid West,594478
2020-07-19,180,Mountain West,129557
2020-07-19,180,North East,965802
2020-07-19,180,Other,15839
2020-07-19,180,Pacific West,452107
2020-07-19,180,South,1109244
2020-07-19,180,South West,495864
2020-07-20,181,Mid West,601833
2020-07-20,181,Mountain West,131880
2020-07-20,181,North East,968827
2020-07-20,181,Other,16163
2020-07-20,181,Pacific West,464288
2020-07-20,181,South,1135158
2020-07-20,181,South West,506219
2020-07-21,182,Mid West,608906
2020-07-21,182,Mountain West,134371
2020-07-21,182,North East,972457
2020-07-21,182,Other,16503
2020-07-21,182,Pacific West,476978
2020-07-21,182,South,1161959
2020-07-21,182,South West,517433
2020-07-22,183,Mid West,617544
2020-07-22,183,Mountain West,137355
2020-07-22,183,North East,975512
2020-07-22,183,Other,16699
2020-07-22,183,Pacific West,490009
2020-07-22,183,South,1191105
2020-07-22,183,South West,532298
2020-07-23,184,Mid West,627201
2020-07-23,184,Mountain West,140324
2020-07-23,184,North East,978689
2020-07-23,184,Other,17003
2020-07-23,184,Pacific West,500712
2020-07-23,184,South,1220789
2020-07-23,184,South West,544315
2020-07-24,185,Mid West,637128
2020-07-24,185,Mountain West,143535
2020-07-24,185,North East,983282
2020-07-24,185,Other,17322
2020-07-24,185,Pacific West,511455
2020-07-24,185,South,1254165
2020-07-24,185,South West,555354
2020-07-25,186,Mid West,645974
2020-07-25,186,Mountain West,146759
2020-07-25,186,North East,986897
2020-07-25,186,Other,17640
2020-07-25,186,Pacific West,519324
2020-07-25,186,South,1281743
2020-07-25,186,South West,569279
2020-07-26,187,Mid West,654445
2020-07-26,187,Mountain West,149146
2020-07-26,187,North East,989569
2020-07-26,187,Other,17897
2020-07-26,187,Pacific West,526508
2020-07-26,187,South,1309783
2020-07-26,187,South West,575132
2020-07-27,188,Mid West,661689
2020-07-27,188,Mountain West,151397
2020-07-27,188,North East,994028
2020-07-27,188,Other,18179
2020-07-27,188,Pacific West,533496
2020-07-27,188,South,1336006
2020-07-27,188,South West,583632
2020-07-28,189,Mid West,669518
2020-07-28,189,Mountain West,154388
2020-07-28,189,North East,997579
2020-07-28,189,Other,18448
2020-07-28,189,Pacific West,547522
2020-07-28,189,South,1362559
2020-07-28,189,South West,594198
2020-07-29,190,Mid West,678971
2020-07-29,190,Mountain West,156774
2020-07-29,190,North East,1001273
2020-07-29,190,Other,18632
2020-07-29,190,Pacific West,562967
2020-07-29,190,South,1389970
2020-07-29,190,South West,607457
2020-07-30,191,Mid West,689656
2020-07-30,191,Mountain West,159466
2020-07-30,191,North East,1004955
2020-07-30,191,Other,18912
2020-07-30,191,Pacific West,572462
2020-07-30,191,South,1418686
2020-07-30,191,South West,619506
2020-07-31,192,Mid West,699582
2020-07-31,192,Mountain West,162500
2020-07-31,192,North East,1009172
2020-07-31,192,Other,19079
2020-07-31,192,Pacific West,580678
2020-07-31,192,South,1446300
2020-07-31,192,South West,634243
2020-08-01,193,Mid West,707862
2020-08-01,193,Mountain West,165003
2020-08-01,193,North East,1012298
2020-08-01,193,Other,19724
2020-08-01,193,Pacific West,589034
2020-08-01,193,South,1471529
2020-08-01,193,South West,643943
2020-08-02,194,Mid West,714836
2020-08-02,194,Mountain West,167218
2020-08-02,194,North East,1014863
2020-08-02,194,Other,20095
2020-08-02,194,Pacific West,595701
2020-08-02,194,South,1493792
2020-08-02,194,South West,649157
2020-08-03,195,Mid West,721492
2020-08-03,195,Mountain West,169447
2020-08-03,195,North East,1018405
2020-08-03,195,Other,20438
2020-08-03,195,Pacific West,601472
2020-08-03,195,South,1510200
2020-08-03,195,South West,658775
2020-08-04,196,Mid West,729372
2020-08-04,196,Mountain West,171914
2020-08-04,196,North East,1021689
2020-08-04,196,Other,20861
2020-08-04,196,Pacific West,612515
2020-08-04,196,South,1531634
2020-08-04,196,South West,669527
2020-08-05,197,Mid West,738064
2020-08-05,197,Mountain West,174204
2020-08-05,197,North East,1024736
2020-08-05,197,Other,21203
2020-08-05,197,Pacific West,617651
2020-08-05,197,South,1553751
2020-08-05,197,South West,682336
2020-08-06,198,Mid West,747486
2020-08-06,198,Mountain West,176864
2020-08-06,198,North East,1027831
2020-08-06,198,Other,21453
2020-08-06,198,Pacific West,629660
2020-08-06,198,South,1577025
2020-08-06,198,South West,691107
2020-08-07,199,Mid West,756976
2020-08-07,199,Mountain West,179483
2020-08-07,199,North East,1031151
2020-08-07,199,Other,21951
2020-08-07,199,Pacific West,636485
2020-08-07,199,South,1603443
2020-08-07,199,South West,700259
2020-08-08,200,Mid West,765728
2020-08-08,200,Mountain West,181895
2020-08-08,200,North East,1033930
2020-08-08,200,Other,22366
2020-08-08,200,Pacific West,645688
2020-08-08,200,South,1626743
2020-08-08,200,South West,707847
2020-08-09,201,Mid West,773331
2020-08-09,201,Mountain West,183694
2020-08-09,201,North East,1036571
2020-08-09,201,Other,22833
2020-08-09,201,Pacific West,652109
2020-08-09,201,South,1647339
2020-08-09,201,South West,714689
2020-08-10,202,Mid West,780084
2020-08-10,202,Mountain West,185563
2020-08-10,202,North East,1039866
2020-08-10,202,Other,23292
2020-08-10,202,Pacific West,667594
2020-08-10,202,South,1661186
2020-08-10,202,South West,721714
2020-08-11,203,Mid West,787830
2020-08-11,203,Mountain West,187488
2020-08-11,203,North East,1042997
2020-08-11,203,Other,23712
2020-08-11,203,Pacific West,673272
2020-08-11,203,South,1679620
2020-08-11,203,South West,731290
2020-08-12,204,Mid West,795973
2020-08-12,204,Mountain West,189382
2020-08-12,204,North East,1046130
2020-08-12,204,Other,24417
2020-08-12,204,Pacific West,686770
2020-08-12,204,South,1701809
2020-08-12,204,South West,738539
2020-08-13,205,Mid West,805787
2020-08-13,205,Mountain West,191448
2020-08-13,205,North East,1050103
2020-08-13,205,Other,24663
2020-08-13,205,Pacific West,694748
2020-08-13,205,South,1721048
2020-08-13,205,South West,746965
2020-08-14,206,Mid West,816290
2020-08-14,206,Mountain West,194158
2020-08-14,206,North East,1053973
2020-08-14,206,Other,25256
2020-08-14,206,Pacific West,711314
2020-08-14,206,South,1741623
2020-08-14,206,South West,756912
2020-08-15,207,Mid West,826209
2020-08-15,207,Mountain West,196128
2020-08-15,207,North East,1056886
2020-08-15,207,Other,25680
2020-08-15,207,Pacific West,717725
2020-08-15,207,South,1758804
2020-08-15,207,South West,764884
2020-08-16,208,Mid West,833027
2020-08-16,208,Mountain West,197825
2020-08-16,208,North East,1058778
2020-08-16,208,Other,25930
2020-08-16,208,Pacific West,724745
2020-08-16,208,South,1772469
2020-08-16,208,South West,774723
2020-08-17,209,Mid West,840152
2020-08-17,209,Mountain West,199291
2020-08-17,209,North East,1061709
2020-08-17,209,Other,26520
2020-08-17,209,Pacific West,730959
2020-08-17,209,South,1784345
2020-08-17,209,South West,781005
2020-08-18,210,Mid West,846549
2020-08-18,210,Mountain West,200954
2020-08-18,210,North East,1064409
2020-08-18,210,Other,27275
2020-08-18,210,Pacific West,740656
2020-08-18,210,South,1799458
2020-08-18,210,South West,789714
2020-08-19,211,Mid West,855440
2020-08-19,211,Mountain West,202517
2020-08-19,211,North East,1067040
2020-08-19,211,Other,27439
2020-08-19,211,Pacific West,750747
2020-08-19,211,South,1816876
2020-08-19,211,South West,796349
2020-08-20,212,Mid West,864565
2020-08-20,212,Mountain West,204435
2020-08-20,212,North East,1069774
2020-08-20,212,Other,27764
2020-08-20,212,Pacific West,757055
2020-08-20,212,South,1834351
2020-08-20,212,South West,802551
2020-08-21,213,Mid West,874351
2020-08-21,213,Mountain West,206212
2020-08-21,213,North East,1072816
2020-08-21,213,Other,28388
2020-08-21,213,Pacific West,764634
2020-08-21,213,South,1853360
2020-08-21,213,South West,808987
2020-08-22,214,Mid West,885090
2020-08-22,214,Mountain West,208344
2020-08-22,214,North East,1075655
2020-08-22,214,Other,28749
2020-08-22,214,Pacific West,771648
2020-08-22,214,South,1869004
2020-08-22,214,South West,813911
2020-08-23,215,Mid West,892110
2020-08-23,215,Mountain West,209711
2020-08-23,215,North East,1077685
2020-08-23,215,Other,29073
2020-08-23,215,Pacific West,777448
2020-08-23,215,South,1881911
2020-08-23,215,South West,818973
2020-08-24,216,Mid West,900811
2020-08-24,216,Mountain West,210864
2020-08-24,216,North East,1080705
2020-08-24,216,Other,29658
2020-08-24,216,Pacific West,784547
2020-08-24,216,South,1893106
2020-08-24,216,South West,823652
2020-08-25,217,Mid West,908578
2020-08-25,217,Mountain West,212701
2020-08-25,217,North East,1083126
2020-08-25,217,Other,29864
2020-08-25,217,Pacific West,790839
2020-08-25,217,South,1907407
2020-08-25,217,South West,830807
2020-08-26,218,Mid West,919157
2020-08-26,218,Mountain West,214069
2020-08-26,218,North East,1085648
2020-08-26,218,Other,30050
2020-08-26,218,Pacific West,797777
2020-08-26,218,South,1924672
2020-08-26,218,South West,837469
2020-08-27,219,Mid West,932110
2020-08-27,219,Mountain West,215895
2020-08-27,219,North East,1088660
2020-08-27,219,Other,30753
2020-08-27,219,Pacific West,803721
2020-08-27,219,South,1940534
2020-08-27,219,South West,842289
2020-08-28,220,Mid West,943593
2020-08-28,220,Mountain West,217815
2020-08-28,220,North East,1091893
2020-08-28,220,Other,31145
2020-08-28,220,Pacific West,810559
2020-08-28,220,South,1957761
2020-08-28,220,South West,848125
2020-08-29,221,Mid West,953567
2020-08-29,221,Mountain West,219621
2020-08-29,221,North East,1094873
2020-08-29,221,Other,31584
2020-08-29,221,Pacific West,816435
2020-08-29,221,South,1973882
2020-08-29,221,South West,856343
2020-08-30,222,Mid West,963587
2020-08-30,222,Mountain West,221012
2020-08-30,222,North East,1097109
2020-08-30,222,Other,31872
2020-08-30,222,Pacific West,821299
2020-08-30,222,South,1986535
2020-08-30,222,South West,859678
2020-08-31,223,Mid West,971552
2020-08-31,223,Mountain West,222111
2020-08-31,223,North East,1100463
2020-08-31,223,Other,32205
2020-08-31,223,Pacific West,828468
2020-08-31,223,South,1998286
2020-08-31,223,South West,863145
2020-09-01,224,Mid West,980342
2020-09-01,224,Mountain West,223547
2020-09-01,224,North East,1103657
2020-09-01,224,Other,32432
2020-09-01,224,Pacific West,832364
2020-09-01,224,South,2016742
2020-09-01,224,South West,868823
2020-09-02,225,Mid West,990334
2020-09-02,225,Mountain West,224979
2020-09-02,225,North East,1106739
2020-09-02,225,Other,32866
2020-09-02,225,Pacific West,839000
2020-09-02,225,South,2031288
2020-09-02,225,South West,873652
2020-09-03,226,Mid West,1001050
2020-09-03,226,Mountain West,226575
2020-09-03,226,North East,1109815
2020-09-03,226,Other,33123
2020-09-03,226,Pacific West,844778
2020-09-03,226,South,2048783
2020-09-03,226,South West,878515
2020-09-04,227,Mid West,1016808
2020-09-04,227,Mountain West,228040
2020-09-04,227,North East,1113480
2020-09-04,227,Other,33265
2020-09-04,227,Pacific West,850563
2020-09-04,227,South,2065364
2020-09-04,227,South West,885248
2020-09-05,228,Mid West,1028764
2020-09-05,228,Mountain West,229988
2020-09-05,228,North East,1116806
2020-09-05,228,Other,33529
2020-09-05,228,Pacific West,856281
2020-09-05,228,South,2079873
2020-09-05,228,South West,890719
2020-09-06,229,Mid West,1036011
2020-09-06,229,Mountain West,231501
2020-09-06,229,North East,1119493
2020-09-06,229,Other,33610
2020-09-06,229,Pacific West,860669
2020-09-06,229,South,2092659
2020-09-06,229,South West,893528
2020-09-07,230,Mid West,1043358
2020-09-07,230,Mountain West,232570
2020-09-07,230,North East,1122310
2020-09-07,230,Other,34079
2020-09-07,230,Pacific West,863373
2020-09-07,230,South,2100697
2020-09-07,230,South West,894629
2020-09-08,231,Mid West,1049991
2020-09-08,231,Mountain West,233598
2020-09-08,231,North East,1125146
2020-09-08,231,Other,34265
2020-09-08,231,Pacific West,867018
2020-09-08,231,South,2109668
2020-09-08,231,South West,898175
2020-09-09,232,Mid West,1058258
2020-09-09,232,Mountain West,234762
2020-09-09,232,North East,1127613
2020-09-09,232,Other,34342
2020-09-09,232,Pacific West,870706
2020-09-09,232,South,2122198
2020-09-09,232,South West,903877
2020-09-10,233,Mid West,1068519
2020-09-10,233,Mountain West,236219
2020-09-10,233,North East,1130980
2020-09-10,233,Other,34918
2020-09-10,233,Pacific West,875302
2020-09-10,233,South,2135653
2020-09-10,233,South West,906231
2020-09-11,234,Mid West,1080616
2020-09-11,234,Mountain West,237962
2020-09-11,234,North East,1134962
2020-09-11,234,Other,35125
2020-09-11,234,Pacific West,880399
2020-09-11,234,South,2153373
2020-09-11,234,South West,912824
2020-09-12,235,Mid West,1092238
2020-09-12,235,Mountain West,239752
2020-09-12,235,North East,1138805
2020-09-12,235,Other,35405
2020-09-12,235,Pacific West,885416
2020-09-12,235,South,2168365
2020-09-12,235,South West,916283
2020-09-13,236,Mid West,1101064
2020-09-13,236,Mountain West,241371
2020-09-13,236,North East,1141442
2020-09-13,236,Other,35684
2020-09-13,236,Pacific West,888916
2020-09-13,236,South,2180926
2020-09-13,236,South West,921166
2020-09-14,237,Mid West,1110323
2020-09-14,237,Mountain West,242972
2020-09-14,237,North East,1144918
2020-09-14,237,Other,35960
2020-09-14,237,Pacific West,892790
2020-09-14,237,South,2192101
2020-09-14,237,South West,925347
2020-09-15,238,Mid West,1119015
2020-09-15,238,Mountain West,244633
2020-09-15,238,North East,1148588
2020-09-15,238,Other,36304
2020-09-15,238,Pacific West,896621
2020-09-15,238,South,2205682
2020-09-15,238,South West,932953
2020-09-16,239,Mid West,1129100
2020-09-16,239,Mountain West,246771
2020-09-16,239,North East,1151777
2020-09-16,239,Other,36453
2020-09-16,239,Pacific West,900427
2020-09-16,239,South,2219878
2020-09-16,239,South West,937850
2020-09-17,240,Mid West,1140970
2020-09-17,240,Mountain West,249186
2020-09-17,240,North East,1155685
2020-09-17,240,Other,36921
2020-09-17,240,Pacific West,905010
2020-09-17,240,South,2235080
2020-09-17,240,South West,944326
2020-09-18,241,Mid West,1155428
2020-09-18,241,Mountain West,252198
2020-09-18,241,North East,1159148
2020-09-18,241,Other,37510
2020-09-18,241,Pacific West,910398
2020-09-18,241,South,2252143
2020-09-18,241,South West,949103
2020-09-19,242,Mid West,1167719
2020-09-19,242,Mountain West,254818
2020-09-19,242,North East,1162768
2020-09-19,242,Other,38303
2020-09-19,242,Pacific West,915279
2020-09-19,242,South,2266800
2020-09-19,242,South West,952753
2020-09-20,243,Mid West,1178810
2020-09-20,243,Mountain West,257095
2020-09-20,243,North East,1165677
2020-09-20,243,Other,38630
2020-09-20,243,Pacific West,918870
2020-09-20,243,South,2278808
2020-09-20,243,South West,958994
2020-09-21,244,Mid West,1188481
2020-09-21,244,Mountain West,259103
2020-09-21,244,North East,1169084
2020-09-21,244,Other,38926
2020-09-21,244,Pacific West,923301
2020-09-21,244,South,2288365
2020-09-21,244,South West,981119
2020-09-22,245,Mid West,1197838
2020-09-22,245,Mountain West,261458
2020-09-22,245,North East,1171987
2020-09-22,245,Other,39109
2020-09-22,245,Pacific West,927174
2020-09-22,245,South,2301872
2020-09-22,245,South West,988423
2020-09-23,246,Mid West,1209230
2020-09-23,246,Mountain West,264221
2020-09-23,246,North East,1175246
2020-09-23,246,Other,39235
2020-09-23,246,Pacific West,931488
2020-09-23,246,South,2316393
2020-09-23,246,South West,990629
2020-09-24,247,Mid West,1222756
2020-09-24,247,Mountain West,267314
2020-09-24,247,North East,1178749
2020-09-24,247,Other,40036
2020-09-24,247,Pacific West,935699
2020-09-24,247,South,2331691
2020-09-24,247,South West,995907
2020-09-25,248,Mid West,1237216
2020-09-25,248,Mountain West,270950
2020-09-25,248,North East,1182612
2020-09-25,248,Other,40811
2020-09-25,248,Pacific West,941547
2020-09-25,248,South,2346656
2020-09-25,248,South West,1000414
2020-09-26,249,Mid West,1251636
2020-09-26,249,Mountain West,274080
2020-09-26,249,North East,1186607
2020-09-26,249,Other,41272
2020-09-26,249,Pacific West,946455
2020-09-26,249,South,2360163
2020-09-26,249,South West,1004387
2020-09-27,250,Mid West,1263175
2020-09-27,250,Mountain West,276663
2020-09-27,250,North East,1190192
2020-09-27,250,Other,41840
2020-09-27,250,Pacific West,949782
2020-09-27,250,South,2370796
2020-09-27,250,South West,1009432
2020-09-28,251,Mid West,1273886
2020-09-28,251,Mountain West,279213
2020-09-28,251,North East,1194326
2020-09-28,251,Other,42551
2020-09-28,251,Pacific West,953350
2020-09-28,251,South,2378493
2020-09-28,251,South West,1012345
2020-09-29,252,Mid West,1284762
2020-09-29,252,Mountain West,281735
2020-09-29,252,North East,1199022
2020-09-29,252,Other,43084
2020-09-29,252,Pacific West,957203
2020-09-29,252,South,2391771
2020-09-29,252,South West,1019279
2020-09-30,253,Mid West,1296084
2020-09-30,253,Mountain West,284625
2020-09-30,253,North East,1203182
2020-09-30,253,Other,43354
2020-09-30,253,Pacific West,961588
2020-09-30,253,South,2403532
2020-09-30,253,South West,1025687
2020-10-01,254,Mid West,1309988
2020-10-01,254,Mountain West,287822
2020-10-01,254,North East,1208287
2020-10-01,254,Other,43635
2020-10-01,254,Pacific West,965870
2020-10-01,254,South,2417443
2020-10-01,254,South West,1030364
2020-10-02,255,Mid West,1327310
2020-10-02,255,Mountain West,291544
2020-10-02,255,North East,1214427
2020-10-02,255,Other,44096
2020-10-02,255,Pacific West,970903
2020-10-02,255,South,2432555
2020-10-02,255,South West,1037043
2020-10-03,256,Mid West,1341749
2020-10-03,256,Mountain West,294911
2020-10-03,256,North East,1218653
2020-10-03,256,Other,44528
2020-10-03,256,Pacific West,975642
2020-10-03,256,South,2447864
2020-10-03,256,South West,1043158
2020-10-04,257,Mid West,1352459
2020-10-04,257,Mountain West,297897
2020-10-04,257,North East,1223712
2020-10-04,257,Other,44804
2020-10-04,257,Pacific West,979761
2020-10-04,257,South,2457479
2020-10-04,257,South West,1046485
2020-10-05,258,Mid West,1363283
2020-10-05,258,Mountain West,300595
2020-10-05,258,North East,1228490
2020-10-05,258,Other,45246
2020-10-05,258,Pacific West,983485
2020-10-05,258,South,2469192
2020-10-05,258,South West,1051141
2020-10-06,259,Mid West,1375290
2020-10-06,259,Mountain West,303745
2020-10-06,259,North East,1233055
2020-10-06,259,Other,45653
2020-10-06,259,Pacific West,987091
2020-10-06,259,South,2482745
2020-10-06,259,South West,1057802
2020-10-07,260,Mid West,1389715
2020-10-07,260,Mountain West,307430
2020-10-07,260,North East,1237652
2020-10-07,260,Other,45727
2020-10-07,260,Pacific West,991887
2020-10-07,260,South,2499589
2020-10-07,260,South West,1064022
2020-10-08,261,Mid West,1408147
2020-10-08,261,Mountain West,311754
2020-10-08,261,North East,1244390
2020-10-08,261,Other,46260
2020-10-08,261,Pacific West,996662
2020-10-08,261,South,2517702
2020-10-08,261,South West,1069436
2020-10-09,262,Mid West,1425560
2020-10-09,262,Mountain West,316324
2020-10-09,262,North East,1250538
2020-10-09,262,Other,46709
2020-10-09,262,Pacific West,1001870
2020-10-09,262,South,2534259
2020-10-09,262,South West,1075085
2020-10-10,263,Mid West,1446705
2020-10-10,263,Mountain West,320958
2020-10-10,263,North East,1255926
2020-10-10,263,Other,47086
2020-10-10,263,Pacific West,1006381
2020-10-10,263,South,2547072
2020-10-10,263,South West,1080291
2020-10-11,264,Mid West,1460940
2020-10-11,264,Mountain West,324463
2020-10-11,264,North East,1260148
2020-10-11,264,Other,47484
2020-10-11,264,Pacific West,1009843
2020-10-11,264,South,2563787
2020-10-11,264,South West,1083702
2020-10-12,265,Mid West,1474090
2020-10-12,265,Mountain West,327807
2020-10-12,265,North East,1265551
2020-10-12,265,Other,47750
2020-10-12,265,Pacific West,1013016
2020-10-12,265,South,2575660
2020-10-12,265,South West,1087016
2020-10-13,266,Mid West,1489822
2020-10-13,266,Mountain West,331561
2020-10-13,266,North East,1272195
2020-10-13,266,Other,48030
2020-10-13,266,Pacific West,1018686
2020-10-13,266,South,2589625
2020-10-13,266,South West,1093850
2020-10-14,267,Mid West,1510646
2020-10-14,267,Mountain West,335333
2020-10-14,267,North East,1277352
2020-10-14,267,Other,48659
2020-10-14,267,Pacific West,1023961
2020-10-14,267,South,2605940
2020-10-14,267,South West,1101351
2020-10-15,268,Mid West,1533155
2020-10-15,268,Mountain West,340266
2020-10-15,268,North East,1283196
2020-10-15,268,Other,49101
2020-10-15,268,Pacific West,1028206
2020-10-15,268,South,2625617
2020-10-15,268,South West,1108059
2020-10-16,269,Mid West,1558180
2020-10-16,269,Mountain West,345836
2020-10-16,269,North East,1290288
2020-10-16,269,Other,49528
2020-10-16,269,Pacific West,1032743
2020-10-16,269,South,2643857
2020-10-16,269,South West,1115617
2020-10-17,270,Mid West,1575628
2020-10-17,270,Mountain West,350941
2020-10-17,270,North East,1296280
2020-10-17,270,Other,49817
2020-10-17,270,Pacific West,1036567
2020-10-17,270,South,2661542
2020-10-17,270,South West,1122228
2020-10-18,271,Mid West,1590942
2020-10-18,271,Mountain West,354895
2020-10-18,271,North East,1301112
2020-10-18,271,Other,50329
2020-10-18,271,Pacific West,1039688
2020-10-18,271,South,2676408
2020-10-18,271,South West,1128983
2020-10-19,272,Mid West,1623716
2020-10-19,272,Mountain West,359270
2020-10-19,272,North East,1308724
2020-10-19,272,Other,50862
2020-10-19,272,Pacific West,1044604
2020-10-19,272,South,2688657
2020-10-19,272,South West,1133393
2020-10-20,273,Mid West,1644744
2020-10-20,273,Mountain West,364006
2020-10-20,273,North East,1315051
2020-10-20,273,Other,51493
2020-10-20,273,Pacific West,1049857
2020-10-20,273,South,2704747
2020-10-20,273,South West,1140416
2020-10-21,274,Mid West,1665360
2020-10-21,274,Mountain West,369129
2020-10-21,274,North East,1321745
2020-10-21,274,Other,51760
2020-10-21,274,Pacific West,1054382
2020-10-21,274,South,2721907
2020-10-21,274,South West,1149057
2020-10-22,275,Mid West,1690669
2020-10-22,275,Mountain West,374983
2020-10-22,275,North East,1329653
2020-10-22,275,Other,51980
2020-10-22,275,Pacific West,1061797
2020-10-22,275,South,2746173
2020-10-22,275,South West,1153420
2020-10-23,276,Mid West,1716405
2020-10-23,276,Mountain West,381467
2020-10-23,276,North East,1337911
2020-10-23,276,Other,53292
2020-10-23,276,Pacific West,1069349
2020-10-23,276,South,2768771
2020-10-23,276,South West,1162467
2020-10-24,277,Mid West,1745334
2020-10-24,277,Mountain West,387970
2020-10-24,277,North East,1345950
2020-10-24,277,Other,53539
2020-10-24,277,Pacific West,1075990
2020-10-24,277,South,2789669
2020-10-24,277,South West,1174031
2020-10-25,278,Mid West,1766993
2020-10-25,278,Mountain West,393939
2020-10-25,278,North East,1352220
2020-10-25,278,Other,54306
2020-10-25,278,Pacific West,1080557
2020-10-25,278,South,2806380
2020-10-25,278,South West,1179890
2020-10-26,279,Mid West,1789293
2020-10-26,279,Mountain West,399580
2020-10-26,279,North East,1362230
2020-10-26,279,Other,54938
2020-10-26,279,Pacific West,1085705
2020-10-26,279,South,2820997
2020-10-26,279,South West,1188046
2020-10-27,280,Mid West,1816590
2020-10-27,280,Mountain West,404944
2020-10-27,280,North East,1371558
2020-10-27,280,Other,55380
2020-10-27,280,Pacific West,1091499
2020-10-27,280,South,2840371
2020-10-27,280,South West,1196448
2020-10-28,281,Mid West,1845284
2020-10-28,281,Mountain West,410387
2020-10-28,281,North East,1380779
2020-10-28,281,Other,55563
2020-10-28,281,Pacific West,1097441
2020-10-28,281,South,2860619
2020-10-28,281,South West,1205401
2020-10-29,282,Mid West,1880259
2020-10-29,282,Mountain West,417312
2020-10-29,282,North East,1391447
2020-10-29,282,Other,56499
2020-10-29,282,Pacific West,1103636
2020-10-29,282,South,2881739
2020-10-29,282,South West,1214750
2020-10-30,283,Mid West,1920675
2020-10-30,283,Mountain West,425896
2020-10-30,283,North East,1402437
2020-10-30,283,Other,57231
2020-10-30,283,Pacific West,1110113
2020-10-30,283,South,2904512
2020-10-30,283,South West,1223297
2020-10-31,284,Mid West,1957434
2020-10-31,284,Mountain West,433474
2020-10-31,284,North East,1411034
2020-10-31,284,Other,57705
2020-10-31,284,Pacific West,1116204
2020-10-31,284,South,2923499
2020-10-31,284,South West,1233748
2020-11-01,285,Mid West,1987757
2020-11-01,285,Mountain West,440203
2020-11-01,285,North East,1418960
2020-11-01,285,Other,58224
2020-11-01,285,Pacific West,1121694
2020-11-01,285,South,2941298
2020-11-01,285,South West,1240533
2020-11-02,286,Mid West,2020678
2020-11-02,286,Mountain West,446231
2020-11-02,286,North East,1430778
2020-11-02,286,Other,59160
2020-11-02,286,Pacific West,1128244
2020-11-02,286,South,2958230
2020-11-02,286,South West,1248835
2020-11-03,287,Mid West,2057657
2020-11-03,287,Mountain West,453913
2020-11-03,287,North East,1441361
2020-11-03,287,Other,59719
2020-11-03,287,Pacific West,1134851
2020-11-03,287,South,3008772
2020-11-03,287,South West,1260436
2020-11-04,288,Mid West,2097522
2020-11-04,288,Mountain West,462528
2020-11-04,288,North East,1452950
2020-11-04,288,Other,59947
2020-11-04,288,Pacific West,1142995
2020-11-04,288,South,3031517
2020-11-04,288,South West,1272123
2020-11-05,289,Mid West,2152082
2020-11-05,289,Mountain West,472614
2020-11-05,289,North East,1466788
2020-11-05,289,Other,60425
2020-11-05,289,Pacific West,1151202
2020-11-05,289,South,3057595
2020-11-05,289,South West,1285066
2020-11-06,290,Mid West,2204095
2020-11-06,290,Mountain West,483931
2020-11-06,290,North East,1481848
2020-11-06,290,Other,61413
2020-11-06,290,Pacific West,1160682
2020-11-06,290,South,3082680
2020-11-06,290,South West,1296831
2020-11-07,291,Mid West,2259499
2020-11-07,291,Mountain West,494805
2020-11-07,291,North East,1496125
2020-11-07,291,Other,62134
2020-11-07,291,Pacific West,1170317
2020-11-07,291,South,3108156
2020-11-07,291,South West,1308480
2020-11-08,292,Mid West,2306421
2020-11-08,292,Mountain West,503577
2020-11-08,292,North East,1507721
2020-11-08,292,Other,62991
2020-11-08,292,Pacific West,1176497
2020-11-08,292,South,3134712
2020-11-08,292,South West,1317623
2020-11-09,293,Mid West,2356020
2020-11-09,293,Mountain West,512677
2020-11-09,293,North East,1526006
2020-11-09,293,Other,63798
2020-11-09,293,Pacific West,1187564
2020-11-09,293,South,3157390
2020-11-09,293,South West,1327297
2020-11-10,294,Mid West,2412318
2020-11-10,294,Mountain West,523937
2020-11-10,294,North East,1544515
2020-11-10,294,Other,64348
2020-11-10,294,Pacific West,1198504
2020-11-10,294,South,3181423
2020-11-10,294,South West,1343401
2020-11-11,295,Mid West,2473407
2020-11-11,295,Mountain West,534098
2020-11-11,295,North East,1564187
2020-11-11,295,Other,64919
2020-11-11,295,Pacific West,1206124
2020-11-11,295,South,3210158
2020-11-11,295,South West,1359202
2020-11-12,296,Mid West,2539312
2020-11-12,296,Mountain West,547907
2020-11-12,296,North East,1585722
2020-11-12,296,Other,66474
2020-11-12,296,Pacific West,1219697
2020-11-12,296,South,3242298
2020-11-12,296,South West,1371832
2020-11-13,297,Mid West,2613134
2020-11-13,297,Mountain West,561947
2020-11-13,297,North East,1609907
2020-11-13,297,Other,67387
2020-11-13,297,Pacific West,1233058
2020-11-13,297,South,3277203
2020-11-13,297,South West,1388174
2020-11-14,298,Mid West,2682267
2020-11-14,298,Mountain West,578465
2020-11-14,298,North East,1630265
2020-11-14,298,Other,68237
2020-11-14,298,Pacific West,1246728
2020-11-14,298,South,3309516
2020-11-14,298,South West,1402082
2020-11-15,299,Mid West,2728363
2020-11-15,299,Mountain West,589305
2020-11-15,299,North East,1647867
2020-11-15,299,Other,69265
2020-11-15,299,Pacific West,1259588
2020-11-15,299,South,3345886
2020-11-15,299,South West,1413227
2020-11-16,300,Mid West,2797653
2020-11-16,300,Mountain West,600155
2020-11-16,300,North East,1672085
2020-11-16,300,Other,69944
2020-11-16,300,Pacific West,1272120
2020-11-16,300,South,3374398
2020-11-16,300,South West,1424966
2020-11-17,301,Mid West,2858142
2020-11-17,301,Mountain West,613772
2020-11-17,301,North East,1694875
2020-11-17,301,Other,70833
2020-11-17,301,Pacific West,1286922
2020-11-17,301,South,3406758
2020-11-17,301,South West,1440593
2020-11-18,302,Mid West,2919117
2020-11-18,302,Mountain West,626473
2020-11-18,302,North East,1719890
2020-11-18,302,Other,71439
2020-11-18,302,Pacific West,1301695
2020-11-18,302,South,3444180
2020-11-18,302,South West,1459614
2020-11-19,303,Mid West,2986091
2020-11-19,303,Mountain West,642638
2020-11-19,303,North East,1746527
2020-11-19,303,Other,72249
2020-11-19,303,Pacific West,1318620
2020-11-19,303,South,3483333
2020-11-19,303,South West,1480983
2020-11-20,304,Mid West,3058639
2020-11-20,304,Mountain West,659050
2020-11-20,304,North East,1772084
2020-11-20,304,Other,73332
2020-11-20,304,Pacific West,1335211
2020-11-20,304,South,3526253
2020-11-20,304,South West,1501390
2020-11-21,305,Mid West,3118820
2020-11-21,305,Mountain West,673177
2020-11-21,305,North East,1795751
2020-11-21,305,Other,74617
2020-11-21,305,Pacific West,1354948
2020-11-21,305,South,3567545
2020-11-21,305,South West,1519198
2020-11-22,306,Mid West,3164160
2020-11-22,306,Mountain West,685166
2020-11-22,306,North East,1817471
2020-11-22,306,Other,75919
2020-11-22,306,Pacific West,1366210
2020-11-22,306,South,3602847
2020-11-22,306,South West,1535090
2020-11-23,307,Mid West,3229389
2020-11-23,307,Mountain West,696838
2020-11-23,307,North East,1846150
2020-11-23,307,Other,76855
2020-11-23,307,Pacific West,1387958
2020-11-23,307,South,3632664
2020-11-23,307,South West,1548524
2020-11-24,308,Mid West,3282276
2020-11-24,308,Mountain West,709851
2020-11-24,308,North East,1868413
2020-11-24,308,Other,77389
2020-11-24,308,Pacific West,1410080
2020-11-24,308,South,3668709
2020-11-24,308,South West,1574648
2020-11-25,309,Mid West,3344787
2020-11-25,309,Mountain West,722601
2020-11-25,309,North East,1895555
2020-11-25,309,Other,77723
2020-11-25,309,Pacific West,1430656
2020-11-25,309,South,3705668
2020-11-25,309,South West,1595663
2020-11-26,310,Mid West,3381968
2020-11-26,310,Mountain West,732312
2020-11-26,310,North East,1917279
2020-11-26,310,Other,78487
2020-11-26,310,Pacific West,1442194
2020-11-26,310,South,3724143
2020-11-26,310,South West,1606924
2020-11-27,311,Mid West,3450446
2020-11-27,311,Mountain West,747383
2020-11-27,311,North East,1951494
2020-11-27,311,Other,80160
2020-11-27,311,Pacific West,1463357
2020-11-27,311,South,3778248
2020-11-27,311,South West,1617733
2020-11-28,312,Mid West,3499952
2020-11-28,312,Mountain West,759032
2020-11-28,312,North East,1973404
2020-11-28,312,Other,81465
2020-11-28,312,Pacific West,1483290
2020-11-28,312,South,3817225
2020-11-28,312,South West,1630333
2020-11-29,313,Mid West,3539656
2020-11-29,313,Mountain West,767882
2020-11-29,313,North East,1995504
2020-11-29,313,Other,81769
2020-11-29,313,Pacific West,1502477
2020-11-29,313,South,3849516
2020-11-29,313,South West,1646530
2020-11-30,314,Mid West,3590654
2020-11-30,314,Mountain West,777983
2020-11-30,314,North East,2023216
2020-11-30,314,Other,82751
2020-11-30,314,Pacific West,1521513
2020-11-30,314,South,3882404
2020-11-30,314,South West,1662664
2020-12-01,315,Mid West,3640667
2020-12-01,315,Mountain West,790683
2020-12-01,315,North East,2051034
2020-12-01,315,Other,83702
2020-12-01,315,Pacific West,1541293
2020-12-01,315,South,3926951
2020-12-01,315,South West,1687492
2020-12-02,316,Mid West,3696722
2020-12-02,316,Mountain West,803970
2020-12-02,316,North East,2085148
2020-12-02,316,Other,84317
2020-12-02,316,Pacific West,1565828
2020-12-02,316,South,3975056
2020-12-02,316,South West,1710888
2020-12-03,317,Mid West,3756122
2020-12-03,317,Mountain West,819561
2020-12-03,317,North East,2128376
2020-12-03,317,Other,85058
2020-12-03,317,Pacific West,1591327
2020-12-03,317,South,4023513
2020-12-03,317,South West,1735652
2020-12-04,318,Mid West,3821649
2020-12-04,318,Mountain West,834365
2020-12-04,318,North East,2171683
2020-12-04,318,Other,85907
2020-12-04,318,Pacific West,1619964
2020-12-04,318,South,4077364
2020-12-04,318,South West,1756505
2020-12-05,319,Mid West,3878913
2020-12-05,319,Mountain West,848534
2020-12-05,319,North East,2209254
2020-12-05,319,Other,87254
2020-12-05,319,Pacific West,1651986
2020-12-05,319,South,4127978
2020-12-05,319,South West,1777399
2020-12-06,320,Mid West,3917000
2020-12-06,320,Mountain West,858830
2020-12-06,320,North East,2241712
2020-12-06,320,Other,88660
2020-12-06,320,Pacific West,1684494
2020-12-06,320,South,4171184
2020-12-06,320,South West,1795102
2020-12-07,321,Mid West,3969831
2020-12-07,321,Mountain West,870312
2020-12-07,321,North East,2280613
2020-12-07,321,Other,89872
2020-12-07,321,Pacific West,1717482
2020-12-07,321,South,4213798
2020-12-07,321,South West,1807509
2020-12-08,322,Mid West,4030940
2020-12-08,322,Mountain West,882570
2020-12-08,322,North East,2317879
2020-12-08,322,Other,90869
2020-12-08,322,Pacific West,1746897
2020-12-08,322,South,4261393
2020-12-08,322,South West,1834747
2020-12-09,323,Mid West,4084569
2020-12-09,323,Mountain West,895446
2020-12-09,323,North East,2356110
2020-12-09,323,Other,91818
2020-12-09,323,Pacific West,1784900
2020-12-09,323,South,4318217
2020-12-09,323,South West,1855502
2020-12-10,324,Mid West,4138167
2020-12-10,324,Mountain West,908611
2020-12-10,324,North East,2397247
2020-12-10,324,Other,92606
2020-12-10,324,Pacific West,1823326
2020-12-10,324,South,4374541
2020-12-10,324,South West,1876516
2020-12-11,325,Mid West,4189081
2020-12-11,325,Mountain West,921377
2020-12-11,325,North East,2440853
2020-12-11,325,Other,94494
2020-12-11,325,Pacific West,1862479
2020-12-11,325,South,4434519
2020-12-11,325,South West,1899986
2020-12-12,326,Mid West,4240775
2020-12-12,326,Mountain West,933587
2020-12-12,326,North East,2478471
2020-12-12,326,Other,95501
2020-12-12,326,Pacific West,1901758
2020-12-12,326,South,4490532
2020-12-12,326,South West,1921675
